Game Name, Format, MinAge, Number of Players
13 Sheep, Writable Board, Middle, Whole Class
3 Red, 1 Black, Playing Cards, 3-6
Aces and Faces, Playing Cards, Middle, 2
Amazons, Game Board, Middle, 2
Battle Ship, Custom, Primary, 2
Black box, Writable Board, High, 2
Bowling Solitaire, Playing Cards, High, 1
Char Par, Game Board, Middle, 2
Corners, Writable Board, Middle, 2
Detectives, Custom, High, 3-6
Dicey Dice, Game Board, High, 3-6
Digit Party, Writable Board, Middle, Whole Class
Dodgem, Game Board, Primary, 2
Domineering, Game Board, Primary, 2
Don't say 13, Custom, Primary, 2
Eat Poop You Cat, Nothing, Primary, Whole Class
Eleusis Express, Playing Cards, High, 6-7
Fake Artist, Custom, Middle, 6-7
Farkle, Game Board, Middle, 6-7
Goats and Tigers, Game Board, Middle, 2
Hex, Writable Board, Middle, 2
Hold that line, Writable Board, Primary, 2
Jotto, Nothing, Primary, 2
Kachufal, Playing Cards, High, 6-7
Khatti Mithai, Game Board, Middle, 2
Konane, Game Board, High, 2
LAP, Custom, High, 2
Liar's Dice, Nothing, High, 6-7
Lines of Action, Game Board, High, 2
Mafia, Custom, Middle, Whole Class
Monikers, Custom, Primary, Whole Class
Neighbours, Writable Board, Primary, 1-1
No Thanks , Custom, Middle, 3-6
Order and Chaos, Writable Board, Primary, 2
Paper boxing, Writable Board, Middle, 2
Peg Solitaire, Game Board, Primary, 1
Racetrack, Writable Board, High, 3-6
Regicide, Game Board, High, 2-4
Saesara, Writable Board, High, 3-6
Sequencium, Writable Board, Primary, 1-1
Sprouts, Nothing, Primary, 2
Star Nim, Game Board, Middle, 1-1
Tablut, Game Board, High, 2
Tac Tix, Game Board, Primary, 2
The flower and the wind, Writable Board, Middle, 2
The Great Races, Game Board, Primary, 6-7
Toads and Frogs, Game Board, Primary, 2
Two Rooms and a Boom, Custom, High, Whole Class
Ultimate Tic Tac Toe, Writable Board, Middle, 2
Watch your Step, Game Board, Primary, 2-4